{

	#pragma mark known AU mappings

	IgnoredAUBlock: {
		ignoredAudioUnit: true
	},

	KnownAudioUnitMapping:
	{
		// apple effects
		"aufx.appl.bpas":	AUBandpassBlock,				// Apple: AUBandpass
		"aufx.appl.dcmp":	AUDynamicsProcessorBlock,		// Apple: AUDynamicsProcessor
		"aufx.appl.dely":	AUDelayBlock,					// Apple: AUDelay
		"aufx.appl.dist":	AUDistortionBlock,				// Apple: AUDistortion
		"aufx.appl.filt":	AUFilterBlock,					// Apple: AUFilter
		"aufx.appl.greq":	AUGraphicEQBlock,				// Apple: AUGraphicEQ
		"aufx.appl.hpas":	AUHipassBlock,					// Apple: AUHipass
		"aufx.appl.hshf":	AUHighShelfFilterBlock,			// Apple: AUHighShelfFilter
		"aufx.appl.lmtr":	AUPeakLimiterBlock,				// Apple: AUPeakLimiter
		"aufx.appl.lpas":	AULowpassBlock,					// Apple: AULowpass
		"aufx.appl.lshf":	AULowShelfFilterBlock,			// Apple: AULowShelfFilter
		"aufx.appl.mcmp":	AUMultibandCompressorBlock,		// Apple: AUMultibandCompressor
		"aufx.appl.mrev":	AUMatrixReverbBlock,			// Apple: AUMatrixReverb
		"aufx.appl.nbeq":	AUNBandEQBlock,					// Apple: AUNBandEQ
		"aufx.appl.nsnd":	AUNetSendBlock,					// Apple: AUNetSend
		"aufx.appl.pmeq":	AUParametricEQBlock,			// Apple: AUParametricEQ
		"aufx.appl.raac":	IgnoredAUBlock,					// Apple: AURoundTripAAC 	- blocked
		"aufx.appl.rogr":	IgnoredAUBlock,					// Apple: AURogerBeep 		- blocked
		"aufx.appl.sdly":	IgnoredAUBlock,					// Apple: AUSampleDelay 	- blocked
		"aufx.appl.tmpt":	AUPitchBlock,					// Apple: AUPitch
		"aufx.appl.nutp":	AUNewPitchBlock,				// Apple: AUNewPitch - uses generic interface
		"aumu.appl.msyn":	IgnoredAUBlock,					// Apple: AUMIDISynth 		- blocked, new in 10.11, AH3 doesn’t do MIDI commands

		// apple music effects
		"aumu.appl.dls ":	AUDLSMusicDeviceBlock,			// Apple: DLSMusicDevice
		"aumu.appl.samp":	AUSamplerBlock,					// Apple: AUSampler

		// apple generators
		"augn.appl.afpl":	AUAudioFilePlayerBlock,			// Apple: AUAudioFilePlayer
		"augn.appl.nrcv":	AUNetReceiveBlock,				// Apple: AUNetReceive
		"augn.appl.sspl":	IgnoredAUBlock,					// Apple: AUScheduledSoundPlayer - blocked
		"augn.appl.ttsp":	IgnoredAUBlock					// Apple: AUSpeechSynthesis - blocked
	},


	// ----------------------------------------------------------------------
	#pragma mark AU templates

	AudioUnitBack: {
		+: GroupViewBack,
		gxFrameColor: "name:frameColor",
		gxFillColor: "gray:0.45",
		generic: {
			gxFillColor: "name:lightBg"		// regular group fill color
	 	}
	},

	GenericAUPopover: {
		+: PopoverTemplate,
		//geDisplayName: "Audio Unit Plugin",
		gxLayout: [ "H:|-12-[auView]-12-|",
				   	"H:|-12-[self]-12-|",
				   	"V:|-37-[auView]-8-[presets]-12-|",
					"V:|-12-[self]-12-|"   ],
		gxChildViews: {
			title: PopoverTitle,
			onOff: PopoverOnOffSwitch,
			auView: {
				nsClass: "GEAudioUnitView",
				gxBackPainter: AudioUnitBack
			},
			presets: {
				+: PresetsPopupMenu,
				presetsKey:"AudioUnitPresets"
			}
		}
	},
	
	GenericAUBlock: {
		+: EffectTemplate,
		gxIconPainter: "ImagePainter.icon.plugin",
		gxLibraryIcon: "library.plugin",
		geNodeClass: "AHAudioUnitNode",
		description: "Audio Unit Plugin",
		gxPopoverInfo: GenericAUPopover
	},

	// ----------------------------------------------------------------------
	#pragma mark Apple AU templates

	AppleAUPopover: {
		+: GenericAUPopover,
		gxTitle: "Apple Audio Unit"
	},

	AppleAUPopoverTrimTop: {
		+: AppleAUPopover,
		gxChildViews: {
			title: PopoverTitle,
			onOff: PopoverOnOffSwitch,
			// trimmed audio unit view
			auView: {
				nsClass: "GEAudioUnitView",
				gxBackPainter: AudioUnitBack,
				borderInsets: "0,27,0,0"
			},
			presets: {
				+: PresetsPopupMenu,
				presetsKey:"AudioUnitPresets"
			}
		}
	},

	AppleAUPopoverTrimAll: {
		+: AppleAUPopover,
		gxChildViews: {
			title: PopoverTitle,
			onOff: PopoverOnOffSwitch,
			// trimmed audio unit view
			auView: {
				nsClass: "GEAudioUnitView",
				gxBackPainter: AudioUnitBack,
				borderInsets: "5,27,5,10"
			},
			presets: {
				+: PresetsPopupMenu,
				presetsKey:"AudioUnitPresets"
			}
		}
	},

	AppleAUBlockTemplate: {
		+: EffectTemplate,
		//geDisplayName:  Note: having no display name allows the node to provide it
		gxIconPainter: "ImagePainter.icon.plugin",
		gxLibraryIcon: "library.plugin",
		geNodeClass: "AHAudioUnitNode",
		gxDescription: "",	// blank description for now
		gxPopoverInfo: {
			+: AppleAUPopover
		}
	},

	AudioUnitPresets: {
		nsClass: GEPresetsGroup,
		gxTitle: "Audio Unit Presets",
		modelKeyPathForPresetsKey: "node.descriptor.uid",
		gxPresetValueKeys: [ "node.audioUnitSettings" ]
	},

	// ----------------------------------------------------------------------
	#pragma mark apple AU blocks

	AUAudioFilePlayerBlock: {
		+: AppleAUBlockTemplate,
		gxTitle: "AUAudioFile Player",
		gxDescription: "Play and loop audio files",
		gxPopoverTitle: "Audio File Player",
		gxPopoverInfo: {
			+: AppleAUPopover
		}
	},

	AUBandpassBlock: {
		+: AppleAUBlockTemplate,
		gxDescription: "Pass only frequencies in a specified range",
		gxPopoverTitle: "Bandpass Filter",
		gxPopoverInfo: {
			+: AppleAUPopoverTrimAll
		}
	},
	
	AUDynamicsProcessorBlock: {
		+: AppleAUBlockTemplate,
		gxTitle: "AUDynamics Processor",
		gxDescription: "Reduce or expand audio's dynamic range",
		gxPopoverTitle: "Dynamics Processor",
		gxPopoverInfo: {
			+: AppleAUPopoverTrimTop
		}
	},

	AUDelayBlock: {
		+: AppleAUBlockTemplate,
		gxDescription: "Delay audio & replay to create an echo",
		gxPopoverTitle: "Apple Delay",
		gxPopoverInfo: {
			+: AppleAUPopover
		}
	},

	AUDistortionBlock: {
		+: AppleAUBlockTemplate,
		gxDescription: "Distort audio with multiple settings",
		gxPopoverTitle: "Distortion",
		gxPopoverInfo: {
			+: AppleAUPopoverTrimAll
		}
	},

	AUFilterBlock: {
		+: AppleAUBlockTemplate,
		gxDescription: "Filter audio with multiple pass & shelf options",
		gxPopoverTitle: "Filter",
		gxPopoverInfo: {
			+: AppleAUPopoverTrimAll
		}
	},

	AUGraphicEQBlock: {
		+: AppleAUBlockTemplate,
		gxDescription: "Fine-tune specific frequencies with 10 or 31 bands",
		gxPopoverTitle: "Graphic Equalizer",
		gxPopoverInfo: {
			+: AppleAUPopoverTrimAll
		}
	},

	AUHipassBlock: {
		+: AppleAUBlockTemplate,
		gxDescription: "Pass high audio frequencies",
		gxPopoverTitle: "Highpass Filter",
		gxPopoverInfo: {
			+: AppleAUPopoverTrimAll
		}
	},

	AUHighShelfFilterBlock: {
		+: AppleAUBlockTemplate,
		gxTitle: "AUHighShelf Filter",
		gxDescription: "Cut off high audio frequencies",
		gxPopoverTitle: "High Shelf Filter",
		gxPopoverInfo: {
			+: AppleAUPopoverTrimAll
		}
	},

	AUPeakLimiterBlock: {
		+: AppleAUBlockTemplate,
		gxDescription: "Limit audio volume dynamically",
		gxPopoverTitle: "Peak Limiter",
		gxPopoverInfo: {
			+: AppleAUPopover
		}
	},

	AULowpassBlock: {
		+: AppleAUBlockTemplate,
		gxDescription: "Pass low audio frequencies",
		gxPopoverTitle: "Lowpass Filter",
		gxPopoverInfo: {
			+: AppleAUPopoverTrimAll
		}
	},

	AULowShelfFilterBlock: {
		+: AppleAUBlockTemplate,
		gxTitle: "AULowShelf Filter",
		gxDescription: "Cut off low audio frequencies",
		gxPopoverTitle: "Low Shelf Filter",
		gxPopoverInfo: {
			+: AppleAUPopoverTrimAll
		}
	},

	AUMultibandCompressorBlock: {
		+: AppleAUBlockTemplate,
		gxTitle: "AUMultiband Compressor",
		gxDescription: "Reduce audio range, compressing towards the middle",
		gxPopoverTitle: "Multiband Compressor",
		gxPopoverInfo: {
			+: AppleAUPopoverTrimTop
		}
	},

	AUMatrixReverbBlock: {
		+: AppleAUBlockTemplate,
		gxDescription: "Create a range of reverb effects",
		gxPopoverTitle: "Matrix Reverb",
		gxPopoverInfo: {
			+: AppleAUPopover
		}
	},

	AUNBandEQBlock: {
		+: AppleAUBlockTemplate,
		gxDescription: "Fine-tune up to 8 frequency ranges",
		gxPopoverTitle: "N-Band Equalizer",
		gxPopoverInfo: {
			+: AppleAUPopover
		}
	},
	
	AUNetReceiveBlock: {
		+: AppleAUBlockTemplate,
		gxDescription: "Receive audio from AUNetSend",
		gxPopoverTitle: "Network Receive",
		gxPopoverInfo: {
			+: AppleAUPopover
		}
	},

	AUNetSendBlock: {
		+: AppleAUBlockTemplate,
		gxDescription: "Send audio to AUNetReceive",
		gxPopoverTitle: "Network Send",
		gxPopoverInfo: {
			+: AppleAUPopover
		}
	},

	AUParametricEQBlock: {
		+: AppleAUBlockTemplate,
		gxTitle: "AUParametric EQ",
		gxDescription: "Adjust a given frequency range's amplitude",
		gxPopoverTitle: "Parametric Equalizer",
		gxPopoverInfo: {
			+: AppleAUPopoverTrimAll
		}
	},

	AUPitchBlock: {
		+: AppleAUBlockTemplate,
		gxDescription: "Shift the audio's pitch",
		gxPopoverTitle: "Pitch",
		gxPopoverInfo: {
			+: AppleAUPopover
		}
	},

	AUNewPitchBlock: {
		+: AppleAUBlockTemplate,
		gxDescription: "Shift the audio's pitch",
		gxPopoverTitle: "New Pitch",
		gxPopoverInfo: {
			+: AppleAUPopover
		}
	},

	AUSamplerBlock: {
		+: AppleAUBlockTemplate,
		gxDescription: "Add samples with a playable instrument",
		gxPopoverTitle: "Sampler",
		gxPopoverInfo: {
			+: AppleAUPopover
		}
	},

	AUDLSMusicDeviceBlock: {
		+: AppleAUBlockTemplate,
		gxTitle: "DLSMusic Device",
		gxDescription: "Add samples to your audio",
		gxPopoverTitle: "Music Device",
		gxPopoverInfo: {
			+: AppleAUPopover
		}
	},

	// --------------------------------------------------
	#pragma mark generic AU view controls

	GenericAUSliderItem: {
		nsClass: GXDrawView,
		gxLayout: [ "H:|-10-[label(160)]-[slider(190)]-[readout(110)]-10-|&alignBaseline",
				   	"V:|-4-[slider]-3-|" ],
		gxChildViews: {
			slider: {
				+: SliderView
			},
			label: {
				+: LabelView.right.dark.size13
			},
			readout: {
				+: SliderValueLabel,
				gxAlignment: "{0, 0.5}"
			}
		}
	},

	GenericAUSwitchItem: {
		nsClass: GXDrawView,
		gxLayout: [ "H:|-10-[label(160)]-[switch]-10-|&alignBaseline",
				   	"V:|-4-[switch]-3-|" ],
		gxChildViews: {
			switch: {
				nsClass: GXSwitchView,
				thumbWidth: 30,
				gxImageBaseName: "switch"
			},
			label: {
				+: LabelView.right.dark.size13
			}
		}
	},

	GenericAUPopupMenuItem: {
		nsClass: GXDrawView,
		gxLayout: [ "H:|-10-[label(160)]-[popupMenu(250)]-10-|&alignBaseline",
				   	"V:|-4-[popupMenu]-3-|" ],
		gxChildViews: {
			popupMenu: {
				+: PopupMenuTemplate,
				gxHideOnNilValue:false
			},
			label: {
				+: LabelView.right.dark.size13
			}
		}
	},


}
