<icecast>
    <limits>
        <clients>128</clients>
        <sources>2</sources>
        <threadpool>5</threadpool>
        <queue-size>524288</queue-size>
        <client-timeout>30</client-timeout>
        <header-timeout>15</header-timeout>
        <source-timeout>120</source-timeout>
        <burst-on-connect>1</burst-on-connect>
        <burst-size>65535</burst-size>
    </limits>

    <authentication>
        <source-password>%(password)s</source-password>
        <relay-password>%(password)s</relay-password>
        <admin-user>admin</admin-user>
        <admin-password>%(password)s</admin-password>
    </authentication>

    <hostname>%(actualAddress)</hostname>

    <paths>
        <basedir>/tmp</basedir>
        <logdir>%(logDir)s</logdir>
        <webroot>%(webRoot)s</webroot>
        <adminroot>%(adminRoot)s</adminroot>
		<alias source="/" destination="%(mountPoint)s"/>
		<deny-ip>%(banFile)s</deny-ip>
    </paths>

    <listen-socket>
        <port>%(port)s</port>
    </listen-socket>
    <listen-socket>
        <port>%(port1)s</port>
        <shoutcast-compat>1</shoutcast-compat>
    </listen-socket>

    <logging>
        <accesslog>access.log</accesslog>
        <errorlog>error.log</errorlog>
		<playlistlog>playlist.log</playlistlog>
      	<loglevel>3</loglevel>
      	<logsize>10240</logsize> 
		<logarchive>%(logArchive)s</logarchive>
    </logging>
	
	<mount>
		<mount-name>%(mountPoint)s</mount-name>
        <max-listeners>%(listenerLimit)s</max-listeners>
        <no-yp>1</no-yp>
		<intro></intro>
		<charset>utf8</charset>
		<mp3-metadata-interval>4096</mp3-metadata-interval>
		%(mountAuthentication)s
	</mount>
	<shoutcast-mount>%(mountPoint)s</shoutcast-mount>

    <fileserve>%(fileServe)s</fileserve>

    <security>
        <chroot>0</chroot>
    </security>
</icecast>
